<?xml version="1.1" encoding="UTF-8"?>
<sounds>
	
	<sound logPattern="The Stray Cat head-bumps (.+)\.">
		<soundFile fileName="../animals/cat/4913__NoiseCollector__cat1.mp3" randomBalance="true" />
		<soundFile fileName="../animals/cat/33657__Corsica_S__Meow.mp3" randomBalance="true" />
		<soundFile fileName="../animals/cat/24966__mich3d__CatPurring_01.mp3" randomBalance="true" />
		<soundFile fileName="../animals/cat/33657__Corsica_S__Meow.mp3" randomBalance="true" />
	</sound>
	
	<sound logPattern="The Stray Cat licks (.+)\.">
		<soundFile fileName="../animals/cat/4913__NoiseCollector__cat1.mp3" randomBalance="true" />
		<soundFile fileName="../animals/cat/33657__Corsica_S__Meow.mp3" randomBalance="true" />
		<soundFile fileName="../animals/cat/24966__mich3d__CatPurring_01.mp3" randomBalance="true" />
		<soundFile fileName="../animals/cat/33657__Corsica_S__Meow.mp3" randomBalance="true" />
	</sound>
	
	<sound logPattern="The Stray Turkey ((Gobbler)|(Hen)) roots around in the (.+)\.">
		<soundFile fileName="../animals/turkey/67675__sinatra314__turkeygobble1.mp3" randomBalance="true">
			<attribution url="http://www.freesound.org/people/sinatra314/sounds/67675/" license="CC BY 3.0" author="sinatra314" description="turkeygobble1.wav" />
		</soundFile>
		<soundFile fileName="../animals/turkey/Turkey Gobble-SoundBible.com-123256561.mp3" randomBalance="true">
			<attribution url="http://soundbible.com/1737-Turkey-Gobble.html" license="Public Domain" author="bod" description="Turkey Gobble Sound" />
		</soundFile>
		<soundFile fileName="../animals/turkey/Turkey Gobble-SoundBible.com-333537286.mp3" randomBalance="true">
			<attribution url="http://soundbible.com/1663-Turkey-Gobble.html" license="Public Domain" author="bod" description="Turkey Gobble Sound" />
		</soundFile>
	</sound>
	
	<sound logPattern="The Stray Turkey ((Gobbler)|(Hen)) eats a ((thrips)|(beetle))\.">
		<soundFile fileName="../animals/turkey/67675__sinatra314__turkeygobble1.mp3" randomBalance="true">
			<attribution url="http://www.freesound.org/people/sinatra314/sounds/67675/" license="CC BY 3.0" author="sinatra314" description="turkeygobble1.wav" />
		</soundFile>
		<soundFile fileName="../animals/turkey/Turkey Gobble-SoundBible.com-123256561.mp3" randomBalance="true">
			<attribution url="http://soundbible.com/1737-Turkey-Gobble.html" license="Public Domain" author="bod" description="Turkey Gobble Sound" />
		</soundFile>
		<soundFile fileName="../animals/turkey/Turkey Gobble-SoundBible.com-333537286.mp3" randomBalance="true">
			<attribution url="http://soundbible.com/1663-Turkey-Gobble.html" license="Public Domain" author="bod" description="Turkey Gobble Sound" />
		</soundFile>
	</sound>
	
	<!-- https://www.youtube.com/watch?v=sbX5KoVELrU -->
	<!-- https://www.youtube.com/watch?v=_L9Sj1RCVYQ -->
	
	<sound logPattern="The Stray ((Guineacock)|(Guineahen)) eats a ((thrips)|(beetle))\.">
		<soundFile fileName="../animals/guineafowl/nest_call_1.mp3" randomBalance="true" />
		<soundFile fileName="../animals/guineafowl/nest_call_2.mp3" randomBalance="true" />
		<soundFile fileName="../animals/guineafowl/male_1.mp3" randomBalance="true" />
		<soundFile fileName="../animals/guineafowl/male_2.mp3" randomBalance="true" />
	</sound>
	
	<sound logPattern="The Stray ((Guineacock)|(Guineahen)) roots around in the (.+)\.">
		<soundFile fileName="../animals/guineafowl/nest_call_1.mp3" randomBalance="true" />
		<soundFile fileName="../animals/guineafowl/nest_call_2.mp3" randomBalance="true" />
		<soundFile fileName="../animals/guineafowl/male_1.mp3" randomBalance="true" />
		<soundFile fileName="../animals/guineafowl/male_2.mp3" randomBalance="true" />
	</sound>
	
	<sound logPattern="The Stray ((Boar)|(Sow)) roots around in the (.+)\.">
		<soundFile fileName="../animals/pig/44271__erdie__pig02.mp3" randomBalance="true" />
		<soundFile fileName="../animals/pig/44273__erdie__pig04.mp3" randomBalance="true" />
		<soundFile fileName="../animals/pig/44275__erdie__pig06.mp3" randomBalance="true" />
	</sound>
	
	<sound logPattern="(.+) spits!">
		<soundFile fileName="./spit/spit_01.mp3" randomBalance="true">
			<attribution url="http://www.freesound.org/people/Lex777/sounds/235773/" license="CC BY 3.0" author="Lex777" description="Spitting_Heavily_01.wav" />
		</soundFile>
		<soundFile fileName="./spit/spit_02.mp3" randomBalance="true">
			<attribution url="http://www.freesound.org/people/Lex777/sounds/235773/" license="CC BY 3.0" author="Lex777" description="Spitting_Heavily_01.wav" />
		</soundFile>
	</sound>
	
	<sound logPattern="(.+) is playing make believe\.">
	</sound>

	<sound logPattern="(.+) is playing with a (.+)\.">
	</sound>	
	
	
</sounds>