<?xml version="1.1" encoding="UTF-8"?>
<sounds defaultAnsiColor="&#27;[34m">

	<!-- http://www.freesound.org/people/CGEffex/sounds/93100/ -->
	<sound logPattern="(.+) has reverted to a wild state!" ansiFormat="&#27;[34;1m">
		<soundFile fileName="training/93100__cgeffex__whip-crack-01.mp3" randomBalance="true" />
	</sound>
	
	<!-- http://www.freesound.org/people/CGEffex/sounds/93100/ -->
	<sound logPattern="(.+) has forgotten ((her)|(his)) training!" ansiFormat="&#27;[34;1m">
		<soundFile fileName="training/93100__cgeffex__whip-crack-01.mp3" randomBalance="true" />
	</sound>
	
	<!-- http://www.freesound.org/people/Everdream/sounds/80488/ -->
	<sound logPattern="The (.+) of The (.+) now know a few facts about (.+) training\.">
		<soundFile fileName="training/80488__everdream__cmaj-direct.mp3" randomBalance="true" />
	</sound>
	
	<sound logPattern="The (.+) of The (.+) have attained a general familiarity with (.+) training methods\.">
		<soundFile fileName="training/80488__everdream__cmaj-direct.mp3" randomBalance="true" />
	</sound>
	
	<sound logPattern="The (.+) of The (.+) are now quite knowledgeable (.+) trainers\.">
		<soundFile fileName="training/80488__everdream__cmaj-direct.mp3" randomBalance="true" />
	</sound>
	
	<sound logPattern="The (.+) of The (.+) are now expert (.+) trainers\.">
		<soundFile fileName="training/80488__everdream__cmaj-direct.mp3" randomBalance="true" />
	</sound>
	
	<sound logPattern="(.+) has discovered the (.+)\.">
	</sound>
	
</sounds>