<?xml version="1.1" encoding="UTF-8"?>
<sounds defaultAnsiPattern="&#27;[31;1m">

	<!-- http://www.freesound.org/samplesViewSingle.php?id=81205 -->
	<!-- http://www.freesound.org/samplesViewSingle.php?id=45579 -->
	<!-- http://www.freesound.org/samplesViewSingle.php?id=69299 -->

	<sound logPattern="The (.+) is caught in a pool of lava!" concurency="3" timeout="100" playbackThreshhold="4">
		<soundFile fileName="81205__Mirors___FryPanSizlzLongRelease.mp3" randomBalance="true" />
		<soundFile fileName="45579__burriss__pan_hiss_part1.mp3" />
		<soundFile fileName="45579__burriss__pan_hiss_part2.mp3" />
		<soundFile fileName="69299__Nummer39__steam.mp3" randomBalance="true" />
	</sound>
	
	<sound logPattern="The (.+) is caught in a cloud of steam!" concurency="3" timeout="100" playbackThreshhold="4">
		<soundFile fileName="81205__Mirors___FryPanSizlzLongRelease.mp3" randomBalance="true" />
		<soundFile fileName="45579__burriss__pan_hiss_part1.mp3" />
		<soundFile fileName="45579__burriss__pan_hiss_part2.mp3" />
		<soundFile fileName="69299__Nummer39__steam.mp3" randomBalance="true" />
	</sound>
	
	<sound logPattern="The (.+) is caught in a cloud of boiling magma!" concurency="3" timeout="100" playbackThreshhold="4">
		<soundFile fileName="81205__Mirors___FryPanSizlzLongRelease.mp3" randomBalance="true" />
		<soundFile fileName="45579__burriss__pan_hiss_part1.mp3" />
		<soundFile fileName="45579__burriss__pan_hiss_part2.mp3" />
		<soundFile fileName="69299__Nummer39__steam.mp3" randomBalance="true" />
	</sound>
	
	<sound logPattern="The (.+) is caught in a lava mist!" concurency="3" timeout="100" playbackThreshhold="4">
		<soundFile fileName="81205__Mirors___FryPanSizlzLongRelease.mp3" randomBalance="true" />
		<soundFile fileName="45579__burriss__pan_hiss_part1.mp3" />
		<soundFile fileName="45579__burriss__pan_hiss_part2.mp3" />
		<soundFile fileName="69299__Nummer39__steam.mp3" randomBalance="true" />
	</sound>

	<sound logPattern="The (.+) is caught in a burst of (.+)!">
		<soundFile fileName="81205__Mirors___FryPanSizlzLongRelease.mp3" randomBalance="true" />
		<soundFile fileName="45579__burriss__pan_hiss_part1.mp3" />
		<soundFile fileName="45579__burriss__pan_hiss_part2.mp3" />
		<soundFile fileName="69299__Nummer39__steam.mp3" randomBalance="true" />
	</sound>

</sounds>